Date,Time,Open,High,Low,Close,Volume,OpenInt
2017-03-01,16:00:00,2381.46,2386.13,2381.46,2385.91,0,0
2017-03-01,17:00:00,2386.53,2389.69,2385.97,2388.95,0,0
2017-03-01,18:00:00,2388.96,2394.18,2388.4,2393.15,0,0
2017-03-01,19:00:00,2393.18,2398.59,2393.18,2396.12,0,0
2017-03-01,20:00:00,2396.17,2397.46,2395.54,2396.81,0,0
2017-03-01,21:00:00,2396.85,2400.97,2395.71,2400.57,0,0
2017-03-01,22:00:00,2400.55,2400.55,2395.1,2395.96,0,0
2017-03-02,16:00:00,2394.33,2394.33,2389.06,2392.01,0,0
2017-03-02,17:00:00,2392.02,2392.02,2388.09,2388.6,0,0
2017-03-02,18:00:00,2388.65,2388.65,2383.73,2387.47,0,0
2017-03-02,19:00:00,2387.51,2387.59,2384.25,2386.5,0,0
2017-03-02,20:00:00,2386.38,2387.2,2385.07,2386.15,0,0
2017-03-02,21:00:00,2386.16,2388.59,2384.46,2387.49,0,0
2017-03-02,22:00:00,2387.46,2387.46,2380.17,2381.92,0,0
2017-03-03,16:00:00,2380.12,2382.39,2378.62,2378.62,0,0
2017-03-03,17:00:00,2378.54,2380.91,2375.44,2377.03,0,0
2017-03-03,18:00:00,2376.67,2378.8,2376.02,2378.58,0,0
2017-03-03,19:00:00,2378.56,2380.86,2377.6,2379.98,0,0
2017-03-03,20:00:00,2379.84,2381.57,2377.33,2380.67,0,0
2017-03-03,21:00:00,2380.66,2382.11,2379.52,2381.75,0,0
2017-03-03,22:00:00,2381.65,2383.89,2380.39,2383.12,0,0
2017-03-06,16:00:00,2374.08,2374.08,2369.7,2373.68,0,0
2017-03-06,17:00:00,2373.56,2374.06,2368.3,2368.98,0,0
2017-03-06,18:00:00,2369.04,2371.3,2367.99,2369.7,0,0
2017-03-06,19:00:00,2369.45,2373.13,2369.18,2372.97,0,0
2017-03-06,20:00:00,2373.01,2377.17,2372.98,2375.7,0,0
2017-03-06,21:00:00,2375.72,2376.15,2375.06,2375.53,0,0
2017-03-06,22:00:00,2375.86,2378.7,2375.04,2375.31,0,0
2017-03-07,16:00:00,2370.69,2371.59,2367.15,2369.59,0,0
2017-03-07,17:00:00,2369.44,2375.09,2369.12,2372.51,0,0
2017-03-07,18:00:00,2372.47,2373.13,2368.08,2370.16,0,0
2017-03-07,19:00:00,2370.08,2370.96,2368.21,2370.92,0,0
2017-03-07,20:00:00,2370.95,2372.39,2369.36,2369.55,0,0
2017-03-07,21:00:00,2369.42,2372.05,2369.18,2371.63,0,0
2017-03-07,22:00:00,2371.59,2372.07,2365.51,2368.39,0,0
2017-03-08,16:00:00,2369.71,2373.07,2368.62,2370.78,0,0
2017-03-08,17:00:00,2370.94,2372.06,2367.68,2371.19,0,0
2017-03-08,18:00:00,2371.12,2372.25,2365.81,2367.37,0,0
2017-03-08,19:00:00,2367.15,2369.51,2366.66,2368.99,0,0
2017-03-08,20:00:00,2368.75,2371.75,2368.64,2369.99,0,0
2017-03-08,21:00:00,2370.01,2370.17,2364.2,2367.25,0,0
2017-03-08,22:00:00,2367.43,2368.18,2361.04,2362.98,0,0
2017-03-09,16:00:00,2363.68,2367.07,2361.83,2365.57,0,0
2017-03-09,17:00:00,2365.62,2369.08,2364.11,2365.86,0,0
2017-03-09,18:00:00,2366.3,2367.62,2364.48,2365.82,0,0
2017-03-09,19:00:00,2365.8,2366.83,2364.09,2365.48,0,0
2017-03-09,20:00:00,2365.52,2366.38,2361.32,2361.6,0,0
2017-03-09,21:00:00,2361.65,2361.97,2354.54,2359.85,0,0
2017-03-09,22:00:00,2360.04,2366.41,2360.02,2364.87,0,0
2017-03-10,16:00:00,2374.8,2376.62,2371.28,2376.22,0,0
2017-03-10,17:00:00,2376.4,2376.83,2369.06,2369.44,0,0
2017-03-10,18:00:00,2369.14,2371.92,2366.97,2370.23,0,0
2017-03-10,19:00:00,2370.24,2371.47,2365.31,2367.06,0,0
2017-03-10,20:00:00,2367.07,2368.21,2363.05,2367.98,0,0
2017-03-10,21:00:00,2368,2370.69,2366.98,2369.83,0,0
2017-03-10,22:00:00,2369.82,2373.57,2369.82,2372.6,0,0
2017-03-13,15:00:00,2371.88,2374.24,2370.76,2370.76,0,0
2017-03-13,16:00:00,2370.64,2372.7,2369.91,2371.06,0,0
2017-03-13,17:00:00,2371,2372.21,2368.52,2372.16,0,0
2017-03-13,18:00:00,2372.18,2372.81,2369.87,2371.24,0,0
2017-03-13,19:00:00,2371.22,2371.8,2369.48,2370.77,0,0
2017-03-13,20:00:00,2370.78,2372.64,2370.13,2372.64,0,0
2017-03-13,21:00:00,2372.68,2374.25,2372.01,2373.47,0,0
2017-03-14,15:00:00,2367.7,2368.22,2363.19,2364.23,0,0
2017-03-14,16:00:00,2364.04,2364.28,2358.18,2361.85,0,0
2017-03-14,17:00:00,2362.26,2366.03,2359.82,2365.53,0,0
2017-03-14,18:00:00,2365.51,2366.11,2360.42,2361.5,0,0
2017-03-14,19:00:00,2361.48,2364.72,2361.2,2363.24,0,0
2017-03-14,20:00:00,2363.23,2365.32,2362.34,2363.62,0,0
2017-03-14,21:00:00,2363.64,2366.29,2363.49,2365.45,0,0
2017-03-15,15:00:00,2370.52,2372.14,2368.96,2371.55,0,0
2017-03-15,16:00:00,2371.65,2373.29,2370.52,2371.77,0,0
2017-03-15,17:00:00,2371.96,2373.98,2371.87,2373.49,0,0
2017-03-15,18:00:00,2373.47,2377.29,2373.4,2376.7,0,0
2017-03-15,19:00:00,2376.59,2377.2,2373.64,2374.03,0,0
2017-03-15,20:00:00,2374.35,2386.12,2374.35,2384.01,0,0
2017-03-15,21:00:00,2384.25,2390,2383.05,2385.26,0,0
2017-03-16,15:00:00,2387.89,2387.99,2385.51,2386.56,0,0
2017-03-16,16:00:00,2386.17,2388.07,2381.59,2383.05,0,0
2017-03-16,17:00:00,2383,2383.14,2377.62,2380.74,0,0
2017-03-16,18:00:00,2380.44,2383.45,2379.3,2382.84,0,0
2017-03-16,19:00:00,2382.82,2383.07,2380.11,2381.81,0,0
2017-03-16,20:00:00,2381.78,2382.71,2378.32,2378.57,0,0
2017-03-16,21:00:00,2378.56,2381.41,2377.18,2381.38,0,0
2017-03-17,15:00:00,2383.35,2384.07,2381.43,2382.38,0,0
2017-03-17,16:00:00,2382.41,2382.8,2379.37,2380.13,0,0
2017-03-17,17:00:00,2380.15,2380.58,2377.64,2380.58,0,0
2017-03-17,18:00:00,2380.81,2382.11,2380.51,2381.09,0,0
2017-03-17,19:00:00,2381.07,2383.59,2381.06,2382.89,0,0
2017-03-17,20:00:00,2382.97,2385.66,2382.75,2382.77,0,0
2017-03-17,21:00:00,2382.81,2383.48,2377.85,2378.25,0,0
2017-03-20,15:00:00,2377.51,2377.51,2373.56,2375,0,0
2017-03-20,16:00:00,2374.86,2379.51,2374.75,2379.05,0,0
2017-03-20,17:00:00,2378.97,2379.42,2376.16,2377.76,0,0
2017-03-20,18:00:00,2377.77,2378.18,2375.63,2377.2,0,0
2017-03-20,19:00:00,2377.22,2377.25,2371.4,2372.68,0,0
2017-03-20,20:00:00,2372.87,2374.22,2369.66,2371.42,0,0
2017-03-20,21:00:00,2371.44,2376.15,2371.15,2373.47,0,0
2017-03-21,15:00:00,2379.4,2381.93,2377.77,2377.77,0,0
2017-03-21,16:00:00,2377.17,2377.28,2358.34,2360.24,0,0
2017-03-21,17:00:00,2360.26,2360.63,2348.58,2357.06,0,0
2017-03-21,18:00:00,2356.96,2359.76,2349.99,2352.59,0,0
2017-03-21,19:00:00,2352.63,2353.64,2344.83,2345.06,0,0
2017-03-21,20:00:00,2345.07,2352.89,2344.25,2350.46,0,0
2017-03-21,21:00:00,2350.39,2352.07,2341.9,2344.02,0,0
2017-03-22,15:00:00,2342.97,2345.35,2338.21,2338.35,0,0
2017-03-22,16:00:00,2338.89,2345.09,2336.45,2345.03,0,0
2017-03-22,17:00:00,2344.8,2351.16,2342.19,2348.52,0,0
2017-03-22,18:00:00,2348.25,2349.51,2342.96,2344.48,0,0
2017-03-22,19:00:00,2344.49,2347.79,2340.51,2342.69,0,0
2017-03-22,20:00:00,2342.63,2348.4,2342.63,2347.87,0,0
2017-03-22,21:00:00,2347.69,2351.8,2346.79,2348.45,0,0
2017-03-23,15:00:00,2345.97,2349.56,2342.98,2347.5,0,0
2017-03-23,16:00:00,2347.88,2355.18,2346.66,2353.76,0,0
2017-03-23,17:00:00,2353.56,2358.9,2353.56,2356.59,0,0
2017-03-23,18:00:00,2356.58,2358.73,2356.34,2358.55,0,0
2017-03-23,19:00:00,2358.59,2358.59,2349.12,2352.99,0,0
2017-03-23,20:00:00,2352.95,2354.97,2351.42,2352.28,0,0
2017-03-23,21:00:00,2352.21,2352.3,2342.36,2345.96,0,0
2017-03-24,15:00:00,2349.93,2353.7,2349.61,2352.11,0,0
2017-03-24,16:00:00,2352.09,2355.61,2351.02,2355.05,0,0
2017-03-24,17:00:00,2355.32,2356.22,2352.54,2354.31,0,0
2017-03-24,18:00:00,2354.22,2354.83,2347.6,2351.06,0,0
2017-03-24,19:00:00,2351.09,2351.95,2345.49,2345.62,0,0
2017-03-24,20:00:00,2345.9,2348.05,2341.08,2341.34,0,0
2017-03-24,21:00:00,2341.51,2350.51,2335.75,2343.98,0,0
2017-03-27,16:00:00,2327.97,2331.58,2322.25,2330.89,0,0
2017-03-27,17:00:00,2330.42,2334.46,2327.63,2334.37,0,0
2017-03-27,18:00:00,2334.35,2339.31,2332.1,2337.68,0,0
2017-03-27,19:00:00,2337.62,2341.9,2336.98,2341.23,0,0
2017-03-27,20:00:00,2341.09,2343.79,2337.93,2338.67,0,0
2017-03-27,21:00:00,2338.69,2341.54,2336.25,2341.37,0,0
2017-03-27,22:00:00,2341.29,2344.9,2340.6,2341.59,0,0
2017-03-28,16:00:00,2339.09,2343.53,2337.63,2338.99,0,0
2017-03-28,17:00:00,2339.42,2346,2339.42,2346,0,0
2017-03-28,18:00:00,2345.85,2354.62,2345.85,2353.41,0,0
2017-03-28,19:00:00,2353.32,2355.25,2352.14,2353.81,0,0
2017-03-28,20:00:00,2354.03,2360.7,2354.03,2360.54,0,0
2017-03-28,21:00:00,2360.41,2363.53,2359.35,2360.42,0,0
2017-03-28,22:00:00,2360.5,2362.24,2358.23,2358.57,0,0
2017-03-29,16:00:00,2356.54,2358.17,2352.97,2358.17,0,0
2017-03-29,17:00:00,2358.68,2362.42,2356.4,2361.33,0,0
2017-03-29,18:00:00,2361.1,2361.55,2356.11,2358.59,0,0
2017-03-29,19:00:00,2358.68,2360.41,2357.28,2357.99,0,0
2017-03-29,20:00:00,2357.88,2361.44,2357.7,2361.25,0,0
2017-03-29,21:00:00,2361.26,2362.67,2359.86,2362.16,0,0
2017-03-29,22:00:00,2362.2,2363.35,2360.14,2361.13,0,0
2017-03-30,16:00:00,2360.87,2363.61,2358.58,2363.09,0,0
2017-03-30,17:00:00,2362.94,2370.17,2362.9,2369.86,0,0
2017-03-30,18:00:00,2369.91,2370.42,2366.06,2366.06,0,0
2017-03-30,19:00:00,2365.95,2367.09,2363.16,2364.45,0,0
2017-03-30,20:00:00,2364.41,2368.95,2364.22,2367.61,0,0
2017-03-30,21:00:00,2367.69,2370.04,2366.41,2367.37,0,0
2017-03-30,22:00:00,2367.38,2369.41,2366.72,2368.06,0,0
2017-03-31,16:00:00,2364.35,2366.59,2362.65,2365.84,0,0
2017-03-31,17:00:00,2365.85,2368.96,2364.66,2367.02,0,0
2017-03-31,18:00:00,2366.95,2368.86,2366.24,2367.09,0,0
2017-03-31,19:00:00,2367.1,2369.21,2366.83,2367.91,0,0
2017-03-31,20:00:00,2367.92,2370.35,2367.12,2367.12,0,0
2017-03-31,21:00:00,2367.08,2367.24,2363.59,2364.63,0,0
2017-03-31,22:00:00,2364.64,2369.92,2362.63,2362.72,0,0
2017-04-03,16:00:00,2362.84,2365.84,2361.95,2363.09,0,0
2017-04-03,17:00:00,2363.05,2364.05,2352.01,2352.06,0,0
2017-04-03,18:00:00,2352.21,2353.58,2347.36,2348.6,0,0
2017-04-03,19:00:00,2348.54,2353.49,2344.74,2353.49,0,0
2017-04-03,20:00:00,2353.51,2354.84,2350.06,2352.62,0,0
2017-04-03,21:00:00,2352.71,2357.79,2350.33,2356.63,0,0
2017-04-03,22:00:00,2356.53,2360.39,2356.12,2358.84,0,0
2017-04-04,16:00:00,2354.49,2357.66,2354.03,2355.03,0,0
2017-04-04,17:00:00,2356.01,2356.19,2350.95,2353.65,0,0
2017-04-04,18:00:00,2353.51,2359.73,2353.31,2358.26,0,0
2017-04-04,19:00:00,2358.14,2358.89,2355.15,2355.58,0,0
2017-04-04,20:00:00,2355.38,2357.99,2354.4,2357.53,0,0
2017-04-04,21:00:00,2357.56,2360.15,2357.46,2357.46,0,0
2017-04-04,22:00:00,2357.35,2360.32,2356.14,2360.16,0,0
2017-04-05,16:00:00,2367.08,2373.7,2366.77,2373.32,0,0
2017-04-05,17:00:00,2373.4,2378.25,2371.94,2375.74,0,0
2017-04-05,18:00:00,2375.94,2376.5,2368.98,2372.31,0,0
2017-04-05,19:00:00,2372.36,2376.47,2371.92,2375.53,0,0
2017-04-05,20:00:00,2375.51,2378.03,2375.51,2377.04,0,0
2017-04-05,21:00:00,2376.96,2376.96,2365.13,2365.73,0,0
2017-04-05,22:00:00,2365.64,2367.79,2350.81,2352.95,0,0
2017-04-06,16:00:00,2353.79,2357.39,2348.99,2357,0,0
2017-04-06,17:00:00,2357.43,2359.11,2353.53,2356.41,0,0
2017-04-06,18:00:00,2356.73,2361.01,2356.73,2359.9,0,0
2017-04-06,19:00:00,2360.11,2360.64,2356.18,2357.63,0,0
2017-04-06,20:00:00,2357.68,2363.83,2357.31,2360.64,0,0
2017-04-06,21:00:00,2360.59,2361.23,2353.14,2353.81,0,0
2017-04-06,22:00:00,2353.84,2358.24,2353.81,2357.49,0,0
2017-04-07,16:00:00,2355.76,2360.81,2350.9,2351.84,0,0
2017-04-07,17:00:00,2351.3,2359.36,2350.79,2355.73,0,0
2017-04-07,18:00:00,2355.79,2357.48,2353.55,2356.58,0,0
2017-04-07,19:00:00,2356.64,2359.48,2356.58,2359.42,0,0
2017-04-07,20:00:00,2359.25,2363.67,2357.79,2361.02,0,0
2017-04-07,21:00:00,2361.04,2362.86,2358.38,2358.38,0,0
2017-04-07,22:00:00,2358.28,2360.05,2355.25,2355.54,0,0
2017-04-10,16:00:00,2357.16,2363.49,2356.86,2362.85,0,0
2017-04-10,17:00:00,2363.58,2366.28,2362.09,2362.18,0,0
2017-04-10,18:00:00,2362.14,2363.69,2354.67,2356.8,0,0
2017-04-10,19:00:00,2356.86,2360.67,2351.52,2360.34,0,0
2017-04-10,20:00:00,2360.13,2363.1,2359.97,2361.81,0,0
2017-04-10,21:00:00,2361.85,2362.39,2358.14,2361.77,0,0
2017-04-10,22:00:00,2361.75,2363.47,2355.62,2357.16,0,0
2017-04-11,16:00:00,2353.4,2355.11,2345.07,2348.07,0,0
2017-04-11,17:00:00,2348.63,2350.75,2337.74,2340.19,0,0
2017-04-11,18:00:00,2340.26,2343.89,2339.02,2342.9,0,0
2017-04-11,19:00:00,2342.86,2350.05,2341.43,2349.3,0,0
2017-04-11,20:00:00,2349.47,2352.78,2348.07,2349.63,0,0
2017-04-11,21:00:00,2349.6,2353.46,2347.03,2351.65,0,0
2017-04-11,22:00:00,2351.62,2353.96,2346.78,2353.78,0,0
2017-04-12,16:00:00,2352.02,2352.02,2348.09,2350.37,0,0
2017-04-12,17:00:00,2350.56,2352.65,2345.45,2345.85,0,0
2017-04-12,18:00:00,2346,2347.74,2341.25,2343.54,0,0
2017-04-12,19:00:00,2343.64,2345.68,2341.78,2342.83,0,0
2017-04-12,20:00:00,2342.8,2349.7,2342.8,2349.55,0,0
2017-04-12,21:00:00,2349.85,2349.85,2343.06,2345.3,0,0
2017-04-12,22:00:00,2345.36,2346.6,2342.37,2344.93,0,0
2017-04-13,16:00:00,2341.06,2346.22,2338.67,2344.93,0,0
2017-04-13,17:00:00,2345.09,2348.06,2344.45,2346.56,0,0
2017-04-13,18:00:00,2346.64,2348.18,2345.18,2346.62,0,0
2017-04-13,19:00:00,2346.55,2346.55,2338.17,2339.25,0,0
2017-04-13,20:00:00,2339.36,2339.37,2333.94,2334.84,0,0
2017-04-13,21:00:00,2334.8,2339.59,2334.35,2338.58,0,0
2017-04-13,22:00:00,2338.41,2338.99,2328.95,2328.95,0,0
2017-04-17,16:00:00,2332.62,2336.4,2332.51,2335.95,0,0
2017-04-17,17:00:00,2335.96,2340.84,2335.8,2339.76,0,0
2017-04-17,18:00:00,2339.88,2342.7,2339.31,2339.59,0,0
2017-04-17,19:00:00,2339.41,2342.55,2339.41,2340.94,0,0
2017-04-17,20:00:00,2340.93,2343.02,2340.68,2342.09,0,0
2017-04-17,21:00:00,2342.11,2344.1,2341.55,2342.35,0,0
2017-04-17,22:00:00,2342.23,2349.12,2341.76,2349.01,0,0
2017-04-18,16:00:00,2342.12,2347.94,2339.02,2347.94,0,0
2017-04-18,17:00:00,2348.26,2348.26,2340.96,2342.26,0,0
2017-04-18,18:00:00,2342.86,2344.56,2336.51,2336.53,0,0
2017-04-18,19:00:00,2336.19,2338.93,2334.57,2337.8,0,0
2017-04-18,20:00:00,2337.91,2341.93,2336.43,2341.66,0,0
2017-04-18,21:00:00,2341.71,2344.79,2341.16,2342.11,0,0
2017-04-18,22:00:00,2342.19,2344.71,2340.37,2342.19,0,0
2017-04-19,16:00:00,2348.77,2352.54,2347.75,2352.16,0,0
2017-04-19,17:00:00,2352.4,2352.44,2346.65,2348.17,0,0
2017-04-19,18:00:00,2348.05,2350.22,2347.17,2347.29,0,0
2017-04-19,19:00:00,2347.37,2347.64,2343.93,2346.07,0,0
2017-04-19,20:00:00,2346.08,2346.08,2342.05,2343.84,0,0
2017-04-19,21:00:00,2343.86,2344.69,2337.25,2338.33,0,0
2017-04-19,22:00:00,2338.41,2340.41,2335.05,2338.17,0,0
2017-04-20,16:00:00,2342.69,2345.71,2340.98,2341.84,0,0
2017-04-20,17:00:00,2342.08,2347.5,2342.08,2346.61,0,0
2017-04-20,18:00:00,2346.69,2352.46,2344.98,2351.99,0,0
2017-04-20,19:00:00,2352.38,2357.3,2351.97,2355.72,0,0
2017-04-20,20:00:00,2355.74,2361.35,2354.47,2360.41,0,0
2017-04-20,21:00:00,2360.56,2360.58,2358.12,2358.12,0,0
2017-04-20,22:00:00,2358,2359.82,2355.83,2355.84,0,0
2017-04-21,16:00:00,2354.94,2356.18,2352.53,2353.51,0,0
2017-04-21,17:00:00,2353.83,2355.14,2350.61,2351.77,0,0
2017-04-21,18:00:00,2351.71,2354.1,2348.86,2353.25,0,0
2017-04-21,19:00:00,2353.26,2353.26,2349.68,2350.27,0,0
2017-04-21,20:00:00,2350.42,2351.49,2344.51,2351.15,0,0
2017-04-21,21:00:00,2351.11,2353.01,2349.96,2351.35,0,0
2017-04-21,22:00:00,2351.48,2352.08,2348.06,2348.69,0,0
2017-04-24,16:00:00,2370.33,2374.3,2370.33,2373.13,0,0
2017-04-24,17:00:00,2373.06,2374.85,2371.3,2372.8,0,0
2017-04-24,18:00:00,2372.97,2373.46,2369.21,2369.5,0,0
2017-04-24,19:00:00,2369.7,2372.49,2369.69,2371.8,0,0
2017-04-24,20:00:00,2371.76,2374.02,2371.63,2373.73,0,0
2017-04-24,21:00:00,2373.72,2376.02,2372.79,2374.33,0,0
2017-04-24,22:00:00,2374.47,2376.98,2373.52,2374.15,0,0
2017-04-25,16:00:00,2382.11,2387.14,2381.35,2386.93,0,0
2017-04-25,17:00:00,2386.85,2390.34,2386.55,2386.93,0,0
2017-04-25,18:00:00,2386.72,2389.16,2386.55,2388.64,0,0
2017-04-25,19:00:00,2388.56,2389.63,2386.25,2387.1,0,0
2017-04-25,20:00:00,2387.11,2390.04,2386.95,2389.49,0,0
2017-04-25,21:00:00,2389.24,2391.2,2388.9,2389.38,0,0
2017-04-25,22:00:00,2389.37,2392.48,2388.56,2388.61,0,0
2017-04-26,16:00:00,2389.01,2391.43,2388.06,2391,0,0
2017-04-26,17:00:00,2391.07,2393.98,2389.95,2393.75,0,0
2017-04-26,18:00:00,2393.61,2398.12,2390.29,2392.21,0,0
2017-04-26,19:00:00,2391.92,2396.6,2391.36,2396.49,0,0
2017-04-26,20:00:00,2396.39,2397.81,2391.98,2393.32,0,0
2017-04-26,21:00:00,2393.25,2395.19,2391.32,2393.82,0,0
2017-04-26,22:00:00,2393.83,2395.79,2386.76,2387.45,0,0
2017-04-27,16:00:00,2390.3,2390.3,2386.88,2388.95,0,0
2017-04-27,17:00:00,2389.1,2391.11,2383.35,2384.95,0,0
2017-04-27,18:00:00,2384.78,2386.61,2382.69,2384.02,0,0
2017-04-27,19:00:00,2384,2391.86,2384,2391.86,0,0
2017-04-27,20:00:00,2391.84,2392.08,2389.21,2389.73,0,0
2017-04-27,21:00:00,2389.56,2390.87,2388.35,2389.95,0,0
2017-04-27,22:00:00,2389.92,2389.92,2387.08,2388.77,0,0
2017-04-28,16:00:00,2392.54,2392.54,2387.58,2388.14,0,0
2017-04-28,17:00:00,2388.32,2388.88,2384.91,2386.74,0,0
2017-04-28,18:00:00,2386.81,2387.3,2383.13,2384.03,0,0
2017-04-28,19:00:00,2384.1,2386.13,2384.1,2385.1,0,0
2017-04-28,20:00:00,2385.11,2385.59,2383.25,2383.82,0,0
2017-04-28,21:00:00,2383.61,2384.6,2382.37,2383.33,0,0
2017-04-28,22:00:00,2383.37,2385.3,2382.88,2384.2,0,0
2017-05-01,16:00:00,2388.5,2389.19,2387.18,2387.9,0,0
2017-05-01,17:00:00,2387.06,2391.05,2384.85,2390.53,0,0
2017-05-01,18:00:00,2390.49,2390.96,2388.87,2389.99,0,0
2017-05-01,19:00:00,2390.11,2391.44,2386.25,2388.37,0,0
2017-05-01,20:00:00,2388.42,2392.56,2387.78,2392.56,0,0
2017-05-01,21:00:00,2392.95,2394.47,2391.23,2392.09,0,0
2017-05-01,22:00:00,2392.08,2393.83,2388.33,2388.33,0,0
2017-05-02,16:00:00,2391.05,2392.9,2386.44,2386.56,0,0
2017-05-02,17:00:00,2386.35,2388.91,2385.96,2387.72,0,0
2017-05-02,18:00:00,2387.57,2388.96,2386.69,2388.45,0,0
2017-05-02,19:00:00,2388.43,2391.75,2388.43,2391,0,0
2017-05-02,20:00:00,2390.99,2391.63,2389.05,2389.36,0,0
2017-05-02,21:00:00,2389.35,2390.42,2386.62,2387.26,0,0
2017-05-02,22:00:00,2387.21,2391.17,2386.71,2391.17,0,0
2017-05-03,16:00:00,2385.13,2387.45,2383.98,2386.36,0,0
2017-05-03,17:00:00,2386.43,2386.81,2380,2381.23,0,0
2017-05-03,18:00:00,2381.17,2385.88,2381.01,2385.42,0,0
2017-05-03,19:00:00,2385.43,2385.98,2384.05,2384.85,0,0
2017-05-03,20:00:00,2384.88,2385.5,2382.56,2384.61,0,0
2017-05-03,21:00:00,2384.65,2387.67,2383.07,2386.87,0,0
2017-05-03,22:00:00,2386.93,2389.81,2385.72,2388.13,0,0
2017-05-04,16:00:00,2390.22,2391.4,2385.27,2386.74,0,0
2017-05-04,17:00:00,2386.77,2390.61,2386.26,2388.11,0,0
2017-05-04,18:00:00,2388.13,2390.72,2387.03,2387.27,0,0
2017-05-04,19:00:00,2387.23,2387.74,2380.37,2387.62,0,0
2017-05-04,20:00:00,2387.39,2388.63,2385.5,2387.25,0,0
2017-05-04,21:00:00,2387.27,2389.71,2384.53,2387.34,0,0
2017-05-04,22:00:00,2387.3,2390.01,2386.5,2389.52,0,0
2017-05-05,16:00:00,2392.37,2394.67,2390.79,2390.96,0,0
2017-05-05,17:00:00,2390.7,2392.73,2389.4,2391.3,0,0
2017-05-05,18:00:00,2391.42,2393.08,2390.29,2393.08,0,0
2017-05-05,19:00:00,2392.94,2393.32,2389.72,2391.61,0,0
2017-05-05,20:00:00,2391.68,2393.47,2390.91,2393.29,0,0
2017-05-05,21:00:00,2393.26,2395.85,2392.96,2394.72,0,0
2017-05-05,22:00:00,2394.68,2399.29,2393.89,2399.29,0,0
2017-05-09,16:00:00,2401.58,2402.35,2400.32,2401.87,0,0
2017-05-09,17:00:00,2402.24,2403.82,2400.99,2401.35,0,0
2017-05-09,18:00:00,2401.54,2401.96,2399.05,2401.39,0,0
2017-05-09,19:00:00,2401.42,2401.77,2398.25,2398.45,0,0
2017-05-09,20:00:00,2398.44,2399.46,2396.09,2398.74,0,0
2017-05-09,21:00:00,2398.77,2399.06,2396.99,2398.04,0,0
2017-05-09,22:00:00,2397.98,2399.16,2392.6,2396.92,0,0
2017-05-10,16:00:00,2395.96,2395.96,2393.28,2395.56,0,0
2017-05-10,17:00:00,2395.26,2396.38,2392.79,2395.11,0,0
2017-05-10,18:00:00,2395,2398.71,2394.81,2397.75,0,0
2017-05-10,19:00:00,2397.74,2398.64,2397.39,2398.61,0,0
2017-05-10,20:00:00,2398.65,2399.64,2397.75,2398.47,0,0
2017-05-10,21:00:00,2398.36,2399.07,2396.7,2398.57,0,0
2017-05-10,22:00:00,2398.68,2399.68,2396.81,2399.63,0,0
2017-05-11,16:00:00,2394.45,2394.71,2383.78,2385.8,0,0
2017-05-11,17:00:00,2385.81,2387.05,2381.86,2385.92,0,0
2017-05-11,18:00:00,2386.01,2388.66,2385.95,2387.04,0,0
2017-05-11,19:00:00,2387.22,2391.39,2387,2389.85,0,0
2017-05-11,20:00:00,2389.86,2393.26,2389.6,2393.26,0,0
2017-05-11,21:00:00,2393.37,2395.72,2391.43,2392.89,0,0
2017-05-11,22:00:00,2393.07,2395.15,2392.58,2394.44,0,0
2017-05-12,16:00:00,2391.88,2392.31,2389.5,2390.52,0,0
2017-05-12,17:00:00,2390.56,2391.17,2387.22,2388.21,0,0
2017-05-12,18:00:00,2388.13,2392.06,2387.78,2390.71,0,0
2017-05-12,19:00:00,2390.7,2390.73,2388.9,2389.32,0,0
2017-05-12,20:00:00,2389.34,2390.17,2388.34,2390.06,0,0
2017-05-12,21:00:00,2390.08,2390.87,2388.75,2389.92,0,0
2017-05-12,22:00:00,2389.93,2390.9,2387.73,2390.9,0,0
2017-05-15,16:00:00,2394.04,2400.54,2394.04,2400.39,0,0
2017-05-15,17:00:00,2400.42,2403.68,2400.4,2403.04,0,0
2017-05-15,18:00:00,2403.16,2404.04,2401.04,2401.81,0,0
2017-05-15,19:00:00,2401.78,2402.22,2400.83,2401.15,0,0
2017-05-15,20:00:00,2401.11,2403.17,2400.67,2402.7,0,0
2017-05-15,21:00:00,2402.63,2402.68,2399.29,2399.82,0,0
2017-05-15,22:00:00,2399.84,2403.07,2399.61,2402.32,0,0
2017-05-16,16:00:00,2404.77,2405.52,2402.68,2403.83,0,0
2017-05-16,17:00:00,2403.9,2404.12,2396.05,2397.82,0,0
2017-05-16,18:00:00,2397.92,2402.09,2396.79,2401.16,0,0
2017-05-16,19:00:00,2401.25,2402.61,2400.34,2401.11,0,0
2017-05-16,20:00:00,2400.92,2401.02,2399.05,2399.3,0,0
2017-05-16,21:00:00,2399.27,2399.81,2397.83,2398.36,0,0
2017-05-16,22:00:00,2398.43,2401.21,2398.34,2400.67,0,0
2017-05-17,16:00:00,2380.72,2384.83,2375.78,2376.24,0,0
2017-05-17,17:00:00,2376.09,2378.09,2368.39,2368.99,0,0
2017-05-17,18:00:00,2369.1,2375.88,2367.83,2375.83,0,0
2017-05-17,19:00:00,2375.75,2375.75,2371.15,2375.21,0,0
2017-05-17,20:00:00,2375.1,2375.15,2367.44,2368.63,0,0
2017-05-17,21:00:00,2368.35,2370.62,2359.56,2363.94,0,0
2017-05-17,22:00:00,2363.79,2367.62,2356.28,2357.03,0,0
2017-05-18,16:00:00,2354.93,2359.69,2352.72,2355.55,0,0
2017-05-18,17:00:00,2355.43,2368.54,2355.43,2365.07,0,0
2017-05-18,18:00:00,2364.9,2367.09,2360.22,2360.29,0,0
2017-05-18,19:00:00,2360.49,2364.82,2358.46,2362.1,0,0
2017-05-18,20:00:00,2362.23,2367.31,2359.68,2366.23,0,0
2017-05-18,21:00:00,2365.78,2375.69,2365.78,2370.25,0,0
2017-05-18,22:00:00,2370.45,2372.07,2365.32,2365.72,0,0
2017-05-19,16:00:00,2371.37,2380.08,2370.55,2378.41,0,0
2017-05-19,17:00:00,2378.62,2383.28,2378.43,2382.96,0,0
2017-05-19,18:00:00,2382.94,2384.39,2381.55,2384.23,0,0
2017-05-19,19:00:00,2384.28,2388.06,2384.28,2387.35,0,0
2017-05-19,20:00:00,2387.21,2387.24,2385.08,2386.23,0,0
2017-05-19,21:00:00,2386.17,2389.02,2385.38,2387.11,0,0
2017-05-19,22:00:00,2387.18,2387.4,2379.6,2381.73,0,0
2017-05-22,16:00:00,2387.25,2392.22,2387.25,2391.33,0,0
2017-05-22,17:00:00,2391.24,2392.27,2386.93,2388.18,0,0
2017-05-22,18:00:00,2388.07,2391.28,2387.54,2391.28,0,0
2017-05-22,19:00:00,2391.24,2394.53,2390.98,2392.41,0,0
2017-05-22,20:00:00,2392.42,2393.79,2391.91,2392.07,0,0
2017-05-22,21:00:00,2392.04,2393.76,2391.36,2392.88,0,0
2017-05-22,22:00:00,2392.85,2395.46,2392.56,2394.02,0,0
2017-05-23,16:00:00,2397.29,2398.43,2394.31,2395,0,0
2017-05-23,17:00:00,2395,2397.77,2393.94,2397.24,0,0
2017-05-23,18:00:00,2397.36,2399.94,2396.99,2399.62,0,0
2017-05-23,19:00:00,2399.55,2400.83,2396.76,2397.02,0,0
2017-05-23,20:00:00,2397.03,2399.49,2397.01,2398.44,0,0
2017-05-23,21:00:00,2398.47,2400.3,2397.2,2399.55,0,0
2017-05-23,22:00:00,2399.54,2400.43,2397.06,2398.42,0,0
2017-05-24,16:00:00,2401.44,2401.67,2399.29,2400.02,0,0
2017-05-24,17:00:00,2400.36,2401.51,2398.77,2400.33,0,0
2017-05-24,18:00:00,2400.31,2401.26,2398.7,2399.91,0,0
2017-05-24,19:00:00,2399.87,2400.96,2399.31,2400.06,0,0
2017-05-24,20:00:00,2400.08,2400.39,2398.95,2399.87,0,0
2017-05-24,21:00:00,2399.88,2403.36,2398,2401.75,0,0
2017-05-24,22:00:00,2401.78,2405.55,2400.08,2404.39,0,0
2017-05-25,16:00:00,2409.95,2412.99,2408.06,2412.14,0,0
2017-05-25,17:00:00,2412.17,2415.88,2411.58,2414.84,0,0
2017-05-25,18:00:00,2414.81,2417.56,2412.34,2412.59,0,0
2017-05-25,19:00:00,2412.63,2416.73,2411.83,2416.73,0,0
2017-05-25,20:00:00,2416.75,2416.78,2413.83,2416.13,0,0
2017-05-25,21:00:00,2416.16,2417.72,2415.11,2416.7,0,0
2017-05-25,22:00:00,2416.69,2418.68,2414.36,2415.07,0,0
2017-05-26,16:00:00,2414.05,2415.5,2412.23,2415.49,0,0
2017-05-26,17:00:00,2415.43,2416.68,2413.94,2413.94,0,0
2017-05-26,18:00:00,2413.83,2415.67,2412.9,2412.92,0,0
2017-05-26,19:00:00,2412.91,2415.83,2412.91,2415.4,0,0
2017-05-26,20:00:00,2415.44,2415.96,2414.19,2414.58,0,0
2017-05-26,21:00:00,2414.55,2415.74,2414.2,2415.3,0,0
2017-05-26,22:00:00,2415.26,2416.03,2414.26,2415.82,0,0
2017-05-30,16:00:00,2411.38,2414.35,2410.13,2412.86,0,0
2017-05-30,17:00:00,2412.89,2413.69,2409.45,2412.68,0,0
2017-05-30,18:00:00,2412.73,2413.98,2412.26,2412.83,0,0
2017-05-30,19:00:00,2412.91,2415.24,2412.91,2414.54,0,0
2017-05-30,20:00:00,2414.56,2415.09,2413.44,2413.8,0,0
2017-05-30,21:00:00,2413.79,2414.41,2412.77,2413.91,0,0
2017-05-30,22:00:00,2413.87,2415.16,2412.86,2412.91,0,0
2017-05-31,16:00:00,2415.62,2415.96,2406.29,2406.64,0,0
2017-05-31,17:00:00,2406.53,2410.87,2403.84,2410.79,0,0
2017-05-31,18:00:00,2410.75,2411.13,2405.41,2407.97,0,0
2017-05-31,19:00:00,2407.91,2409.75,2406.81,2407.08,0,0
2017-05-31,20:00:00,2407.13,2410.13,2406.7,2407.24,0,0
2017-05-31,21:00:00,2407.26,2409.4,2404.91,2407.92,0,0
2017-05-31,22:00:00,2407.96,2412.31,2407.3,2411.8,0,0
2017-06-01,16:00:00,2416.12,2418.09,2413.56,2416.49,0,0
2017-06-01,17:00:00,2416.48,2417.34,2414.06,2415.19,0,0
2017-06-01,18:00:00,2415.93,2420.29,2415.05,2420.17,0,0
2017-06-01,19:00:00,2420.12,2423.86,2420.12,2423.46,0,0
2017-06-01,20:00:00,2423.48,2426.06,2423.46,2425.16,0,0
2017-06-01,21:00:00,2425.11,2426.93,2424.69,2424.88,0,0
2017-06-01,22:00:00,2424.76,2430.06,2424.02,2430.06,0,0
2017-06-02,16:00:00,2431.06,2433.29,2427.73,2429.05,0,0
2017-06-02,17:00:00,2428.98,2434.52,2428.9,2433.57,0,0
2017-06-02,18:00:00,2433.57,2437.23,2432.89,2437.04,0,0
2017-06-02,19:00:00,2437.03,2437.59,2435.5,2436.92,0,0
2017-06-02,20:00:00,2436.95,2439.65,2436.14,2438.85,0,0
2017-06-02,21:00:00,2438.68,2439.41,2436.51,2437.74,0,0
2017-06-02,22:00:00,2437.87,2440.23,2436.39,2439.07,0,0
2017-06-05,16:00:00,2437.39,2437.99,2434.48,2437.79,0,0
2017-06-05,17:00:00,2437.72,2439.55,2437.52,2437.59,0,0
2017-06-05,18:00:00,2437.6,2438.13,2435.51,2437.91,0,0
2017-06-05,19:00:00,2437.81,2439.07,2437.07,2437.8,0,0
2017-06-05,20:00:00,2437.93,2439.29,2437.41,2437.58,0,0
2017-06-05,21:00:00,2437.59,2438.25,2437.07,2437.62,0,0
2017-06-05,22:00:00,2437.63,2438.61,2435.83,2436.1,0,0
2017-06-06,16:00:00,2431.05,2433.5,2428.15,2433.32,0,0
2017-06-06,17:00:00,2433.42,2434.86,2431.75,2432.15,0,0
2017-06-06,18:00:00,2432.2,2434.72,2430.63,2433.23,0,0
2017-06-06,19:00:00,2433.31,2433.9,2432.31,2433.37,0,0
2017-06-06,20:00:00,2433.39,2433.5,2430.91,2431.87,0,0
2017-06-06,21:00:00,2431.86,2436.21,2431.86,2435.57,0,0
2017-06-06,22:00:00,2435.53,2436.05,2428.6,2429.33,0,0
2017-06-07,16:00:00,2432.04,2434.14,2431.37,2433.77,0,0
2017-06-07,17:00:00,2434.68,2434.93,2428.15,2431.04,0,0
2017-06-07,18:00:00,2430.82,2432.29,2429.2,2430.85,0,0
2017-06-07,19:00:00,2430.84,2430.86,2424.76,2427.45,0,0
2017-06-07,20:00:00,2427.48,2431.7,2426.99,2431.08,0,0
2017-06-07,21:00:00,2431.1,2433.94,2430.69,2432.94,0,0
2017-06-07,22:00:00,2432.9,2435.28,2431.73,2433.14,0,0
2017-06-08,16:00:00,2434.16,2436.21,2429.24,2431.89,0,0
2017-06-08,17:00:00,2431.87,2433.87,2428.03,2431.77,0,0
2017-06-08,18:00:00,2431.89,2434.94,2431.88,2434.47,0,0
2017-06-08,19:00:00,2434.7,2439.25,2434.41,2437.61,0,0
2017-06-08,20:00:00,2437.71,2437.73,2432.56,2435.82,0,0
2017-06-08,21:00:00,2435.84,2436.06,2428.07,2429.3,0,0
2017-06-08,22:00:00,2429.31,2434.36,2429.21,2433.79,0,0
2017-06-09,16:00:00,2437.03,2442.02,2436.94,2441.02,0,0
2017-06-09,17:00:00,2441.09,2446.02,2440.41,2444.63,0,0
2017-06-09,18:00:00,2444.61,2446.16,2443.03,2443.04,0,0
2017-06-09,19:00:00,2443.02,2443.84,2435.74,2439.09,0,0
2017-06-09,20:00:00,2439.07,2439.99,2428.87,2428.87,0,0
2017-06-09,21:00:00,2428.82,2433.19,2416.74,2420.49,0,0
2017-06-09,22:00:00,2420.63,2431.77,2420.5,2431.77,0,0
2017-06-12,16:00:00,2426.14,2430.31,2420.64,2421.89,0,0
2017-06-12,17:00:00,2421.6,2426.99,2420.06,2426.54,0,0
2017-06-12,18:00:00,2426.43,2428.16,2423.83,2425.35,0,0
2017-06-12,19:00:00,2425.44,2425.66,2420.64,2420.76,0,0
2017-06-12,20:00:00,2420.74,2425.05,2420.55,2421.21,0,0
2017-06-12,21:00:00,2421.19,2426.51,2421.03,2425.66,0,0
2017-06-12,22:00:00,2425.55,2429.54,2424.14,2429.39,0,0
2017-06-13,16:00:00,2435.36,2438.28,2435.06,2436.01,0,0
2017-06-13,17:00:00,2436.02,2437.22,2432.13,2432.22,0,0
2017-06-13,18:00:00,2432.01,2437.46,2431.38,2436.9,0,0
2017-06-13,19:00:00,2436.78,2439.01,2436.04,2438.84,0,0
2017-06-13,20:00:00,2438.78,2439.66,2436.82,2438.78,0,0
2017-06-13,21:00:00,2438.79,2440.54,2437.96,2438.65,0,0
2017-06-13,22:00:00,2438.64,2441.49,2437.87,2440.35,0,0
2017-06-14,16:00:00,2443.49,2443.49,2438.77,2441.05,0,0
2017-06-14,17:00:00,2441.1,2441.72,2435.59,2436.56,0,0
2017-06-14,18:00:00,2436.54,2438.96,2435.93,2438.56,0,0
2017-06-14,19:00:00,2438.35,2440.05,2436.63,2438.45,0,0
2017-06-14,20:00:00,2438.46,2440.27,2437.9,2438.8,0,0
2017-06-14,21:00:00,2438.78,2442.63,2430.97,2432.77,0,0
2017-06-14,22:00:00,2432.74,2439.38,2428.34,2437.92,0,0
2017-06-15,16:00:00,2421.94,2425.8,2420.12,2424.73,0,0
2017-06-15,17:00:00,2424.66,2426.82,2418.61,2424.1,0,0
2017-06-15,18:00:00,2424.3,2429.79,2424.16,2426.49,0,0
2017-06-15,19:00:00,2426.67,2429,2425.27,2428.73,0,0
2017-06-15,20:00:00,2428.75,2430.62,2426.98,2428.28,0,0
2017-06-15,21:00:00,2428.09,2432.36,2427.41,2430.68,0,0
2017-06-15,22:00:00,2431.02,2433.95,2429.13,2432.46,0,0
2017-06-16,16:00:00,2432.02,2432.45,2424.79,2428.45,0,0
2017-06-16,17:00:00,2428.43,2428.96,2422.9,2424.86,0,0
2017-06-16,18:00:00,2424.83,2429.25,2423.75,2429.16,0,0
2017-06-16,19:00:00,2429.83,2430.91,2429.21,2429.3,0,0
2017-06-16,20:00:00,2429.33,2430.3,2427.91,2429.94,0,0
2017-06-16,21:00:00,2429.93,2431.69,2429.23,2430.82,0,0
2017-06-16,22:00:00,2430.84,2433.15,2428.67,2433.15,0,0
2017-06-19,16:00:00,2442.65,2445.76,2441.86,2445.7,0,0
2017-06-19,17:00:00,2445.99,2452.22,2445.64,2448.89,0,0
2017-06-19,18:00:00,2448.61,2449.96,2447.63,2449.61,0,0
2017-06-19,19:00:00,2449.64,2451.26,2449.62,2450.83,0,0
2017-06-19,20:00:00,2450.91,2453.48,2450.91,2451.12,0,0
2017-06-19,21:00:00,2451.1,2451.25,2448.19,2448.96,0,0
2017-06-19,22:00:00,2448.95,2453.79,2448.89,2453.46,0,0
2017-06-20,16:00:00,2449.47,2449.47,2444.95,2444.99,0,0
2017-06-20,17:00:00,2444.57,2447.9,2444.12,2447.13,0,0
2017-06-20,18:00:00,2447.14,2447.23,2443.6,2443.97,0,0
2017-06-20,19:00:00,2443.93,2445.02,2440.38,2444.26,0,0
2017-06-20,20:00:00,2444.23,2445.01,2443.09,2443.76,0,0
2017-06-20,21:00:00,2443.75,2444.56,2440.42,2441.76,0,0
2017-06-20,22:00:00,2441.93,2443.74,2436.61,2437.03,0,0
2017-06-21,16:00:00,2439.85,2440.43,2437.13,2437.53,0,0
2017-06-21,17:00:00,2437.31,2442.17,2437.31,2439.18,0,0
2017-06-21,18:00:00,2438.92,2438.92,2433.26,2438.38,0,0
2017-06-21,19:00:00,2438.26,2438.29,2433.09,2433.09,0,0
2017-06-21,20:00:00,2433.24,2435.22,2430.75,2431.92,0,0
2017-06-21,21:00:00,2431.66,2437,2430.99,2436.11,0,0
2017-06-21,22:00:00,2435.94,2436.48,2433.38,2435.61,0,0
2017-06-22,16:00:00,2436.79,2437.11,2433.31,2434.97,0,0
2017-06-22,17:00:00,2435.14,2438.75,2433.29,2438.26,0,0
2017-06-22,18:00:00,2438.19,2440.98,2438.06,2440.09,0,0
2017-06-22,19:00:00,2440.07,2441.43,2438.05,2440.44,0,0
2017-06-22,20:00:00,2440.54,2441.59,2439.65,2440.24,0,0
2017-06-22,21:00:00,2440.27,2441.06,2438.99,2440.25,0,0
2017-06-22,22:00:00,2440.26,2440.95,2434.5,2434.5,0,0
2017-06-23,16:00:00,2434.99,2435.45,2431.14,2434.32,0,0
2017-06-23,17:00:00,2434.38,2439.97,2433.84,2438.81,0,0
2017-06-23,18:00:00,2438.85,2439.99,2438.26,2439.48,0,0
2017-06-23,19:00:00,2439.45,2441.1,2438.9,2439.6,0,0
2017-06-23,20:00:00,2439.66,2441.38,2438.7,2440.41,0,0
2017-06-23,21:00:00,2440.44,2440.52,2437.55,2437.78,0,0
2017-06-23,22:00:00,2437.72,2439.43,2433.72,2438.3,0,0
2017-06-26,16:00:00,2444.75,2450.41,2444.75,2450.28,0,0
2017-06-26,17:00:00,2450.19,2450.19,2438.86,2440.83,0,0
2017-06-26,18:00:00,2440.86,2443.12,2437.07,2443.07,0,0
2017-06-26,19:00:00,2443.02,2444.25,2441.16,2443.41,0,0
2017-06-26,20:00:00,2443.56,2443.67,2441.33,2442.32,0,0
2017-06-26,21:00:00,2442.14,2442.57,2440.32,2442.35,0,0
2017-06-26,22:00:00,2442.39,2443.41,2438.45,2439.07,0,0
2017-06-27,16:00:00,2436.34,2436.95,2432.69,2434.65,0,0
2017-06-27,17:00:00,2434.95,2439.68,2434.45,2438.76,0,0
2017-06-27,18:00:00,2438.72,2440.02,2437.91,2438.68,0,0
2017-06-27,19:00:00,2438.69,2439.18,2433.26,2434.05,0,0
2017-06-27,20:00:00,2434.06,2434.45,2424.29,2427.29,0,0
2017-06-27,21:00:00,2427.54,2430.13,2423.93,2428.08,0,0
2017-06-27,22:00:00,2428.03,2428.85,2419.38,2419.38,0,0
2017-06-28,16:00:00,2429.37,2432.84,2428.02,2429.02,0,0
2017-06-28,17:00:00,2428.97,2438.61,2428.97,2436.99,0,0
2017-06-28,18:00:00,2437.04,2440.31,2436.37,2438.87,0,0
2017-06-28,19:00:00,2438.84,2441.39,2438.24,2440.83,0,0
2017-06-28,20:00:00,2440.87,2442.97,2440.26,2441.56,0,0
2017-06-28,21:00:00,2441.56,2442.15,2439.35,2440.78,0,0
2017-06-28,22:00:00,2440.75,2442.9,2439.62,2440.69,0,0
2017-06-29,16:00:00,2442.34,2442.73,2433.47,2435.15,0,0
2017-06-29,17:00:00,2435.13,2435.82,2429.03,2432.68,0,0
2017-06-29,18:00:00,2432.46,2432.97,2419.17,2419.19,0,0
2017-06-29,19:00:00,2419.49,2423.48,2415.98,2416.29,0,0
2017-06-29,20:00:00,2416.31,2418.62,2405.73,2414.32,0,0
2017-06-29,21:00:00,2414.29,2421.55,2412.2,2420.24,0,0
2017-06-29,22:00:00,2420.16,2425.52,2419.42,2419.7,0,0
2017-06-30,16:00:00,2428.25,2430.98,2426.43,2426.84,0,0
2017-06-30,17:00:00,2426.92,2426.92,2421.75,2424.85,0,0
2017-06-30,18:00:00,2424.75,2427.08,2421.93,2426.56,0,0
2017-06-30,19:00:00,2426.45,2427.1,2424.32,2425.12,0,0
2017-06-30,20:00:00,2425.2,2427.73,2425.13,2427.05,0,0
2017-06-30,21:00:00,2426.26,2430.99,2426.09,2430.74,0,0
2017-06-30,22:00:00,2430.72,2432.71,2423.41,2423.41,0,0
2017-07-03,16:00:00,2431.75,2437.17,2431.75,2436.26,0,0
2017-07-03,17:00:00,2437.78,2439.17,2435.15,2437.89,0,0
2017-07-03,18:00:00,2437.27,2437.86,2435.75,2436.81,0,0
2017-07-03,19:00:00,2436.84,2436.95,2429,2429,0,0
2017-07-03,20:00:00,2428.81,2429.02,2428.77,2429.01,0,0
2017-07-05,16:00:00,2430.78,2432.35,2425.5,2426.78,0,0
2017-07-05,17:00:00,2426.61,2429.77,2422.11,2429.38,0,0
2017-07-05,18:00:00,2429.49,2432.05,2429.22,2429.36,0,0
2017-07-05,19:00:00,2429.38,2432.25,2428.98,2431.95,0,0
2017-07-05,20:00:00,2431.96,2433.64,2431.34,2431.34,0,0
2017-07-05,21:00:00,2431.48,2434.9,2429.68,2431.05,0,0
2017-07-05,22:00:00,2431.1,2434.25,2429.63,2432.54,0,0
2017-07-06,16:00:00,2423.1,2424.16,2416.58,2417.6,0,0
2017-07-06,17:00:00,2417.36,2418.68,2413.02,2416.31,0,0
2017-07-06,18:00:00,2417.25,2421.65,2416.94,2421.3,0,0
2017-07-06,19:00:00,2421.35,2422.19,2418.23,2420.65,0,0
2017-07-06,20:00:00,2420.7,2423.47,2417.41,2417.85,0,0
2017-07-06,21:00:00,2417.86,2417.98,2412.87,2415.14,0,0
2017-07-06,22:00:00,2414.95,2415.39,2407.7,2409.75,0,0
2017-07-07,16:00:00,2414.14,2419.66,2414.14,2419.07,0,0
2017-07-07,17:00:00,2418.96,2419.57,2414.94,2417.3,0,0
2017-07-07,18:00:00,2417.32,2424.23,2416.71,2423.41,0,0
2017-07-07,19:00:00,2423.51,2426.14,2423.51,2425.57,0,0
2017-07-07,20:00:00,2425.58,2426.9,2425.08,2426.06,0,0
2017-07-07,21:00:00,2426.25,2426.59,2424.46,2424.46,0,0
2017-07-07,22:00:00,2424.49,2426.65,2423.57,2425.18,0,0
2017-07-10,16:00:00,2424.34,2426.34,2422.43,2422.7,0,0
2017-07-10,17:00:00,2422.92,2428.7,2422.92,2428.7,0,0
2017-07-10,18:00:00,2428.68,2429.59,2427.76,2429.45,0,0
2017-07-10,19:00:00,2429.44,2430.84,2429.21,2430.6,0,0
2017-07-10,20:00:00,2430.63,2431.39,2429.74,2431.1,0,0
2017-07-10,21:00:00,2431.11,2431.4,2429.59,2429.73,0,0
2017-07-10,22:00:00,2429.69,2432,2427.43,2427.43,0,0
2017-07-11,16:00:00,2426.41,2426.71,2423.21,2424.16,0,0
2017-07-11,17:00:00,2424.19,2427.78,2423.63,2427.49,0,0
2017-07-11,18:00:00,2427.5,2427.75,2412.9,2422.25,0,0
2017-07-11,19:00:00,2422.26,2423.42,2419.1,2422.4,0,0
2017-07-11,20:00:00,2422.36,2426.52,2420.59,2426.19,0,0
2017-07-11,21:00:00,2426.25,2427.7,2424.85,2425.52,0,0
2017-07-11,22:00:00,2425.49,2429.26,2424.73,2425.53,0,0
2017-07-12,16:00:00,2436.58,2444.18,2436.58,2442.82,0,0
2017-07-12,17:00:00,2443.04,2444.8,2440.37,2440.6,0,0
2017-07-12,18:00:00,2440.44,2442.71,2439.88,2441.98,0,0
2017-07-12,19:00:00,2442.07,2443.48,2439.61,2442.16,0,0
2017-07-12,20:00:00,2442.62,2444.65,2441.48,2444.63,0,0
2017-07-12,21:00:00,2444.64,2445.69,2443.46,2444.45,0,0
2017-07-12,22:00:00,2444.69,2445.76,2442.82,2443.25,0,0
2017-07-13,16:00:00,2445.26,2447.3,2443.73,2446.81,0,0
2017-07-13,17:00:00,2446.97,2447.28,2441.71,2444.51,0,0
2017-07-13,18:00:00,2444.31,2448.16,2444.15,2447.5,0,0
2017-07-13,19:00:00,2447.52,2448.83,2446.96,2448.53,0,0
2017-07-13,20:00:00,2448.51,2448.82,2446.45,2447.6,0,0
2017-07-13,21:00:00,2447.57,2448.46,2445.51,2448.37,0,0
2017-07-13,22:00:00,2448.32,2449.32,2447.03,2447.83,0,0
2017-07-14,16:00:00,2448.54,2452.62,2446.81,2451.41,0,0
2017-07-14,17:00:00,2451.23,2452.78,2449.67,2452.51,0,0
2017-07-14,18:00:00,2452.01,2452.85,2450.61,2452.79,0,0
2017-07-14,19:00:00,2452.73,2456.74,2452.03,2456,0,0
2017-07-14,20:00:00,2455.9,2458.91,2455.72,2458.59,0,0
2017-07-14,21:00:00,2458.82,2460.37,2458.63,2458.89,0,0
2017-07-14,22:00:00,2458.91,2463.54,2458.11,2459.27,0,0
2017-07-17,16:00:00,2458.42,2460.72,2457.25,2460.41,0,0
2017-07-17,17:00:00,2460.36,2461.78,2458.93,2461.62,0,0
2017-07-17,18:00:00,2461.58,2462.31,2459.28,2460.15,0,0
2017-07-17,19:00:00,2460.1,2462.03,2459.9,2461.79,0,0
2017-07-17,20:00:00,2461.78,2462.82,2460.37,2460.71,0,0
2017-07-17,21:00:00,2460.72,2460.93,2459.09,2459.37,0,0
2017-07-17,22:00:00,2459.58,2459.88,2457.83,2459.14,0,0
2017-07-18,16:00:00,2455.88,2455.88,2452.63,2454.98,0,0
2017-07-18,17:00:00,2455.08,2457.2,2450.39,2455.06,0,0
2017-07-18,18:00:00,2455.97,2458.25,2454.49,2457.47,0,0
2017-07-18,19:00:00,2457.5,2458.26,2456.26,2456.28,0,0
2017-07-18,20:00:00,2456.21,2458.65,2455.05,2458.25,0,0
2017-07-18,21:00:00,2458.22,2459.14,2457.36,2458.46,0,0
2017-07-18,22:00:00,2458.43,2460.9,2458.26,2460.61,0,0
2017-07-19,16:00:00,2463.85,2467.42,2463.85,2467.35,0,0
2017-07-19,17:00:00,2467.33,2468.69,2465.21,2466.92,0,0
2017-07-19,18:00:00,2467,2469.4,2466.78,2468.9,0,0
2017-07-19,19:00:00,2468.95,2470.13,2468.87,2469.39,0,0
2017-07-19,20:00:00,2469.44,2471.37,2469.4,2470.77,0,0
2017-07-19,21:00:00,2470.75,2471.95,2470.64,2471.49,0,0
2017-07-19,22:00:00,2471.56,2473.83,2471.28,2473.83,0,0
2017-07-20,16:00:00,2476.33,2477.55,2474.38,2476.32,0,0
2017-07-20,17:00:00,2476.25,2476.53,2468.52,2474.4,0,0
2017-07-20,18:00:00,2474.37,2475.76,2470.42,2473.22,0,0
2017-07-20,19:00:00,2473.11,2476.31,2472.6,2475.95,0,0
2017-07-20,20:00:00,2475.92,2477.02,2474.33,2476.33,0,0
2017-07-20,21:00:00,2476.29,2476.29,2473.25,2475.68,0,0
2017-07-20,22:00:00,2475.63,2476.94,2473.26,2473.45,0,0
2017-07-21,16:00:00,2467.59,2469.4,2465.58,2466.58,0,0
2017-07-21,17:00:00,2466.36,2468.69,2465.07,2466.14,0,0
2017-07-21,18:00:00,2466.16,2470.31,2465.94,2470.31,0,0
2017-07-21,19:00:00,2470.67,2471.33,2469.21,2471.14,0,0
2017-07-21,20:00:00,2471.07,2472.27,2470.04,2470.75,0,0
2017-07-21,21:00:00,2470.76,2471.12,2469.1,2470.29,0,0
2017-07-21,22:00:00,2470.35,2472.54,2468.58,2472.54,0,0
2017-07-24,16:00:00,2471.79,2471.8,2467.61,2469.57,0,0
2017-07-24,17:00:00,2469.75,2469.75,2467.22,2467.8,0,0
2017-07-24,18:00:00,2467.87,2469.31,2466.32,2469.09,0,0
2017-07-24,19:00:00,2469.11,2470.37,2469.11,2470.1,0,0
2017-07-24,20:00:00,2470.08,2470.38,2469.41,2469.71,0,0
2017-07-24,21:00:00,2469.68,2471.82,2469.65,2471.38,0,0
2017-07-24,22:00:00,2471.45,2473.09,2469.91,2469.91,0,0
2017-07-25,16:00:00,2477.88,2479.52,2476.32,2477.86,0,0
2017-07-25,17:00:00,2478.02,2478.92,2474.93,2477.45,0,0
2017-07-25,18:00:00,2477.46,2480.98,2477.46,2480.34,0,0
2017-07-25,19:00:00,2480.47,2481.21,2479.35,2480,0,0
2017-07-25,20:00:00,2479.99,2480.85,2479.54,2479.87,0,0
2017-07-25,21:00:00,2479.86,2480.25,2478.28,2479.32,0,0
2017-07-25,22:00:00,2479.33,2479.77,2476.37,2477.13,0,0
2017-07-26,16:00:00,2481,2481,2478.69,2479.76,0,0
2017-07-26,17:00:00,2479.88,2481.2,2477.66,2478.26,0,0
2017-07-26,18:00:00,2478.2,2479.36,2478.2,2479.19,0,0
2017-07-26,19:00:00,2479.16,2480.03,2478.64,2478.83,0,0
2017-07-26,20:00:00,2478.65,2478.73,2477.2,2477.21,0,0
2017-07-26,21:00:00,2477.18,2480.17,2477.18,2477.51,0,0
2017-07-26,22:00:00,2477.19,2478.59,2475.22,2477.83,0,0
2017-07-27,16:00:00,2483.65,2483.87,2478.95,2479.38,0,0
2017-07-27,17:00:00,2479.36,2482.96,2479.26,2482.71,0,0
2017-07-27,18:00:00,2482.67,2482.87,2480.7,2482.78,0,0
2017-07-27,19:00:00,2482.75,2482.89,2472.21,2473.27,0,0
2017-07-27,20:00:00,2473.6,2475.01,2459.93,2465.32,0,0
2017-07-27,21:00:00,2465.69,2470.46,2464.16,2467.85,0,0
2017-07-27,22:00:00,2467.83,2475.48,2465.42,2475.42,0,0
2017-07-28,16:00:00,2468.73,2471.62,2467.71,2468.04,0,0
2017-07-28,17:00:00,2468.08,2469.14,2465.12,2466.53,0,0
2017-07-28,18:00:00,2466.6,2469.91,2464.82,2469.71,0,0
2017-07-28,19:00:00,2469.7,2470.72,2469.11,2469.71,0,0
2017-07-28,20:00:00,2469.71,2470.55,2468.65,2469.55,0,0
2017-07-28,21:00:00,2469.58,2471.54,2468.89,2471.22,0,0
2017-07-28,22:00:00,2471.2,2473.53,2469.96,2472.1,0,0
2017-07-31,16:00:00,2476.53,2477.96,2473.24,2473.24,0,0
2017-07-31,17:00:00,2473.31,2473.7,2468.54,2469.85,0,0
2017-07-31,18:00:00,2469.91,2473.34,2469.91,2473.05,0,0
2017-07-31,19:00:00,2472.55,2474.07,2471.25,2473.56,0,0
2017-07-31,20:00:00,2473.62,2474.36,2471.86,2473.55,0,0
2017-07-31,21:00:00,2473.53,2473.91,2471.41,2471.64,0,0
2017-07-31,22:00:00,2471.72,2475.29,2470.3,2470.3,0,0
2017-08-01,16:00:00,2477.65,2478.51,2472.99,2473.38,0,0
2017-08-01,17:00:00,2473.4,2476.17,2472.03,2475.77,0,0
2017-08-01,18:00:00,2475.6,2476.2,2471.14,2475.74,0,0
2017-08-01,19:00:00,2475.75,2476.71,2475.28,2475.75,0,0
2017-08-01,20:00:00,2475.71,2476.72,2475.61,2476.56,0,0
2017-08-01,21:00:00,2476.54,2476.77,2475.47,2476.4,0,0
2017-08-01,22:00:00,2476.42,2476.7,2474.69,2476.35,0,0
2017-08-02,16:00:00,2479.97,2479.97,2474.21,2474.9,0,0
2017-08-02,17:00:00,2474.52,2477.44,2466.51,2467.32,0,0
2017-08-02,18:00:00,2467.65,2472.54,2466.57,2470.75,0,0
2017-08-02,19:00:00,2470.73,2470.98,2468.99,2469.9,0,0
2017-08-02,20:00:00,2469.95,2474.69,2468.87,2474.39,0,0
2017-08-02,21:00:00,2474.4,2476.56,2473.66,2476.1,0,0
2017-08-02,22:00:00,2476.02,2477.57,2474.06,2477.57,0,0
2017-08-03,16:00:00,2475.47,2475.47,2471.24,2471.93,0,0
2017-08-03,17:00:00,2471.45,2474.94,2470.98,2474.48,0,0
2017-08-03,18:00:00,2474.46,2475.09,2471.54,2471.64,0,0
2017-08-03,19:00:00,2471.62,2473.19,2471.16,2472.1,0,0
2017-08-03,20:00:00,2472.2,2473.71,2470.25,2473.09,0,0
2017-08-03,21:00:00,2473.08,2473.87,2471.85,2472.15,0,0
2017-08-03,22:00:00,2472.16,2474.34,2468.86,2472.16,0,0
2017-08-04,16:00:00,2476.9,2479.98,2474.48,2474.68,0,0
2017-08-04,17:00:00,2474.55,2478.09,2472.1,2475.52,0,0
2017-08-04,18:00:00,2475.61,2477.04,2474.34,2476.5,0,0
2017-08-04,19:00:00,2476.53,2476.61,2474.29,2475.48,0,0
2017-08-04,20:00:00,2475.45,2476.47,2474.82,2476.29,0,0
2017-08-04,21:00:00,2476.19,2476.39,2473.7,2474.51,0,0
2017-08-04,22:00:00,2474.44,2476.83,2473.86,2476.83,0,0
2017-08-07,16:00:00,2478.3,2478.3,2475.89,2477.87,0,0
2017-08-07,17:00:00,2477.97,2478.59,2475.94,2477.08,0,0
2017-08-07,18:00:00,2477.01,2478.77,2476.59,2478.43,0,0
2017-08-07,19:00:00,2478.4,2479.68,2478.4,2479.68,0,0
2017-08-07,20:00:00,2479.63,2479.86,2478.28,2478.95,0,0
2017-08-07,21:00:00,2478.97,2479.94,2478.78,2479.41,0,0
2017-08-07,22:00:00,2479.31,2480.92,2479.06,2480.91,0,0
2017-08-08,16:00:00,2477.5,2478.37,2475.57,2478.03,0,0
2017-08-08,17:00:00,2478.18,2484.93,2477.81,2484.84,0,0
2017-08-08,18:00:00,2484.81,2489.79,2484.46,2489.76,0,0
2017-08-08,19:00:00,2489.74,2490.87,2484.64,2484.69,0,0
2017-08-08,20:00:00,2484.68,2485.22,2480.82,2482.93,0,0
2017-08-08,21:00:00,2482.95,2483.09,2479.46,2479.78,0,0
2017-08-08,22:00:00,2479.82,2480.04,2470.32,2474.92,0,0
2017-08-09,16:00:00,2465.35,2469.76,2462.16,2468.9,0,0
2017-08-09,17:00:00,2469.44,2471.35,2465.08,2470.39,0,0
2017-08-09,18:00:00,2470.35,2472.51,2466.18,2472.4,0,0
2017-08-09,19:00:00,2472.43,2472.88,2469.66,2469.76,0,0
2017-08-09,20:00:00,2469.73,2471.25,2468.74,2469.34,0,0
2017-08-09,21:00:00,2469.36,2469.57,2465.33,2467.75,0,0
2017-08-09,22:00:00,2467.71,2474.35,2466.49,2474.02,0,0
2017-08-10,16:00:00,2464.62,2464.81,2458.21,2459.1,0,0
2017-08-10,17:00:00,2459.79,2459.79,2451.14,2455.08,0,0
2017-08-10,18:00:00,2454.79,2455.88,2449.61,2450.87,0,0
2017-08-10,19:00:00,2450.6,2451.35,2444.91,2449.18,0,0
2017-08-10,20:00:00,2449.17,2451.66,2447.13,2448.75,0,0
2017-08-10,21:00:00,2448.64,2455.05,2446.65,2450.39,0,0
2017-08-10,22:00:00,2450.41,2451.5,2437.9,2438.21,0,0
2017-08-11,16:00:00,2439.78,2443.73,2437.91,2441.72,0,0
2017-08-11,17:00:00,2441.3,2448.09,2440.67,2446.68,0,0
2017-08-11,18:00:00,2446.61,2446.64,2440.93,2442.96,0,0
2017-08-11,19:00:00,2443,2445.5,2442.32,2443.87,0,0
2017-08-11,20:00:00,2443.86,2445.63,2443.16,2444.67,0,0
2017-08-11,21:00:00,2444.62,2447.07,2439.56,2439.81,0,0
2017-08-11,22:00:00,2440.04,2444.34,2438.44,2441.32,0,0
2017-08-14,16:00:00,2455.8,2462.58,2455.72,2462.3,0,0
2017-08-14,17:00:00,2462.38,2468.21,2462.09,2466.77,0,0
2017-08-14,18:00:00,2466.71,2467.13,2464.99,2466.44,0,0
2017-08-14,19:00:00,2466.41,2467.61,2464.83,2465.6,0,0
2017-08-14,20:00:00,2465.66,2467.04,2464.98,2466.16,0,0
2017-08-14,21:00:00,2466.31,2466.97,2462.96,2464,0,0
2017-08-14,22:00:00,2463.98,2467.8,2463.17,2465.84,0,0
2017-08-15,16:00:00,2468.66,2468.88,2464.1,2467.22,0,0
2017-08-15,17:00:00,2467.33,2467.73,2461.65,2464.19,0,0
2017-08-15,18:00:00,2464.07,2466.34,2463.42,2463.45,0,0
2017-08-15,19:00:00,2463.46,2466.21,2463.32,2465.16,0,0
2017-08-15,20:00:00,2465.13,2465.16,2462.23,2463.57,0,0
2017-08-15,21:00:00,2463.63,2466.54,2463.59,2466.07,0,0
2017-08-15,22:00:00,2466.02,2468.76,2464.5,2464.61,0,0
2017-08-16,16:00:00,2469.49,2471.33,2468.5,2470.48,0,0
2017-08-16,17:00:00,2470.63,2473.41,2469.87,2472.99,0,0
2017-08-16,18:00:00,2473.09,2473.86,2470.26,2472.85,0,0
2017-08-16,19:00:00,2472.89,2474.86,2470.63,2471.22,0,0
2017-08-16,20:00:00,2471.23,2472.06,2467.01,2468.53,0,0
2017-08-16,21:00:00,2468.65,2471.12,2463.95,2468.02,0,0
2017-08-16,22:00:00,2468.21,2468.75,2466.1,2468.11,0,0
2017-08-17,16:00:00,2462.95,2464.93,2460.19,2460.19,0,0
2017-08-17,17:00:00,2460.38,2460.38,2451.13,2454.15,0,0
2017-08-17,18:00:00,2454.3,2458.87,2450.97,2452.33,0,0
2017-08-17,19:00:00,2452.37,2453.7,2443.72,2445,0,0
2017-08-17,20:00:00,2444.78,2446.63,2442.21,2444.62,0,0
2017-08-17,21:00:00,2444.8,2445.3,2439.85,2441.72,0,0
2017-08-17,22:00:00,2441.71,2441.73,2430.01,2430.01,0,0
2017-08-18,16:00:00,2427.83,2428.39,2420.79,2420.8,0,0
2017-08-18,17:00:00,2420.93,2428.34,2420.93,2425.76,0,0
2017-08-18,18:00:00,2425.77,2435.96,2421.86,2434.58,0,0
2017-08-18,19:00:00,2434.72,2440.27,2431.46,2437.06,0,0
2017-08-18,20:00:00,2437.04,2437.98,2430.02,2430.02,0,0
2017-08-18,21:00:00,2429.88,2433.39,2429.88,2430.95,0,0
2017-08-18,22:00:00,2430.82,2433.24,2425.35,2425.55,0,0
2017-08-21,16:00:00,2425.5,2427.23,2421.4,2421.78,0,0
2017-08-21,17:00:00,2421.85,2424.08,2417.43,2423.14,0,0
2017-08-21,18:00:00,2423.85,2428.85,2421.82,2426.89,0,0
2017-08-21,19:00:00,2426.93,2430.58,2426.93,2428.5,0,0
2017-08-21,20:00:00,2428.51,2428.62,2424.63,2424.71,0,0
2017-08-21,21:00:00,2424.77,2426.26,2423.7,2425.44,0,0
2017-08-21,22:00:00,2425.42,2430.07,2423.05,2428.37,0,0
2017-08-22,16:00:00,2433.75,2443.31,2433.67,2441.39,0,0
2017-08-22,17:00:00,2441.51,2445.05,2441.51,2444.55,0,0
2017-08-22,18:00:00,2445.01,2447.87,2443.28,2447.25,0,0
2017-08-22,19:00:00,2447.22,2449.36,2447.01,2448.15,0,0
2017-08-22,20:00:00,2448.23,2449.51,2447.73,2448.13,0,0
2017-08-22,21:00:00,2448.05,2452.4,2447.69,2451.49,0,0
2017-08-22,22:00:00,2451.47,2454.76,2451.16,2452.51,0,0
2017-08-23,16:00:00,2444.88,2446.79,2441.42,2446.79,0,0
2017-08-23,17:00:00,2446.4,2447.76,2442.81,2445.31,0,0
2017-08-23,18:00:00,2445.19,2448.91,2444.24,2448.08,0,0
2017-08-23,19:00:00,2448.05,2448.85,2445.08,2446.23,0,0
2017-08-23,20:00:00,2446.24,2446.46,2442.74,2443.94,0,0
2017-08-23,21:00:00,2443.97,2447.02,2443.56,2446.33,0,0
2017-08-23,22:00:00,2446.31,2448.52,2444,2444.04,0,0
2017-08-24,16:00:00,2448.18,2450.39,2440.18,2440.56,0,0
2017-08-24,17:00:00,2440.73,2447.34,2438.86,2445.52,0,0
2017-08-24,18:00:00,2445.44,2446.07,2436.21,2440.55,0,0
2017-08-24,19:00:00,2441.01,2442.05,2439.52,2441.06,0,0
2017-08-24,20:00:00,2440.82,2445.06,2440.42,2442.17,0,0
2017-08-24,21:00:00,2442.15,2442.73,2438.89,2441.56,0,0
2017-08-24,22:00:00,2441.55,2442.48,2437.95,2438.97,0,0
2017-08-25,16:00:00,2444.99,2452.17,2444.98,2450.61,0,0
2017-08-25,17:00:00,2450.67,2453.56,2446.42,2447.11,0,0
2017-08-25,18:00:00,2446.61,2446.61,2442.22,2444.19,0,0
2017-08-25,19:00:00,2444.21,2446.71,2444.03,2446.49,0,0
2017-08-25,20:00:00,2446.48,2448.32,2446.17,2446.89,0,0
2017-08-25,21:00:00,2446.93,2448.7,2446.75,2448.36,0,0
2017-08-25,22:00:00,2448.34,2450.25,2443.02,2443.05,0,0
2017-08-28,16:00:00,2447.64,2449.07,2443.82,2444.2,0,0
2017-08-28,17:00:00,2444.19,2445.86,2441.45,2445.64,0,0
2017-08-28,18:00:00,2445.65,2446.22,2442.15,2443.93,0,0
2017-08-28,19:00:00,2443.8,2443.82,2439.05,2440.41,0,0
2017-08-28,20:00:00,2440.4,2442.83,2440.33,2442.63,0,0
2017-08-28,21:00:00,2442.66,2442.83,2441.05,2442.05,0,0
2017-08-28,22:00:00,2442.08,2444.24,2441.08,2444.24,0,0
2017-08-29,16:00:00,2429.73,2436.11,2428.2,2435.65,0,0
2017-08-29,17:00:00,2435.59,2440.85,2432.7,2439.37,0,0
2017-08-29,18:00:00,2439.87,2443.42,2439.26,2441.87,0,0
2017-08-29,19:00:00,2441.8,2444.58,2441.2,2443.49,0,0
2017-08-29,20:00:00,2443.47,2445.3,2442.15,2444.14,0,0
2017-08-29,21:00:00,2444.09,2447.07,2443.65,2446.84,0,0
2017-08-29,22:00:00,2446.85,2449.19,2445.79,2446.3,0,0
2017-08-30,16:00:00,2446.06,2448.9,2443.77,2448.58,0,0
2017-08-30,17:00:00,2448.47,2452.06,2447.26,2452.03,0,0
2017-08-30,18:00:00,2451.81,2453.07,2450.52,2452.45,0,0
2017-08-30,19:00:00,2452.43,2455.28,2451.85,2455.28,0,0
2017-08-30,20:00:00,2455.34,2460.09,2455.33,2459.53,0,0
2017-08-30,21:00:00,2459.49,2460.3,2457.86,2459.44,0,0
2017-08-30,22:00:00,2459.57,2459.66,2454,2457.59,0,0
2017-08-31,16:00:00,2462.65,2467.58,2462.65,2467.28,0,0
2017-08-31,17:00:00,2467.46,2470.22,2465.35,2466.81,0,0
2017-08-31,18:00:00,2466.94,2468.32,2464.34,2467.86,0,0
2017-08-31,19:00:00,2467.9,2470.25,2467.81,2469.28,0,0
2017-08-31,20:00:00,2469.21,2469.77,2468.02,2469.36,0,0
2017-08-31,21:00:00,2469.31,2472.63,2467.88,2472.58,0,0
2017-08-31,22:00:00,2472.49,2474.97,2469.63,2471.65,0,0
2017-09-01,16:00:00,2474.86,2478.26,2474.4,2476.2,0,0
2017-09-01,17:00:00,2476.34,2478.98,2473.99,2478.98,0,0
2017-09-01,18:00:00,2478.32,2479.11,2475.88,2478.24,0,0
2017-09-01,19:00:00,2478.19,2480.14,2477.83,2479.93,0,0
2017-09-01,20:00:00,2479.97,2480.37,2478.55,2478.82,0,0
2017-09-01,21:00:00,2478.83,2479.55,2478.04,2478.63,0,0
2017-09-01,22:00:00,2478.61,2479.37,2476.33,2476.55,0,0
2017-09-05,16:00:00,2470.1,2471.97,2466.54,2470.63,0,0
2017-09-05,17:00:00,2470.42,2471.46,2463.15,2465.14,0,0
2017-09-05,18:00:00,2465.09,2465.68,2461.59,2464.4,0,0
2017-09-05,19:00:00,2464.39,2464.39,2449.91,2452.15,0,0
2017-09-05,20:00:00,2452.19,2454.39,2446.55,2454.21,0,0
2017-09-05,21:00:00,2454.13,2458.07,2453.13,2454.82,0,0
2017-09-05,22:00:00,2455.08,2459.13,2452.88,2457.85,0,0
2017-09-06,16:00:00,2463.92,2466.72,2462.97,2464.53,0,0
2017-09-06,17:00:00,2464.91,2467.41,2459.68,2462.84,0,0
2017-09-06,18:00:00,2463.6,2464.07,2459.2,2462.54,0,0
2017-09-06,19:00:00,2462.69,2465.42,2461.12,2465.17,0,0
2017-09-06,20:00:00,2465.22,2467.17,2465.03,2465.41,0,0
2017-09-06,21:00:00,2465.43,2468.66,2465.4,2467.54,0,0
2017-09-06,22:00:00,2467.52,2469.64,2465.09,2465.54,0,0
2017-09-07,16:00:00,2468.08,2468.61,2464.92,2465.34,0,0
2017-09-07,17:00:00,2465.61,2467.67,2460.54,2466.36,0,0
2017-09-07,18:00:00,2466.27,2467.57,2462.04,2463.14,0,0
2017-09-07,19:00:00,2463.1,2463.93,2460.29,2463.1,0,0
2017-09-07,20:00:00,2463.04,2464.55,2462.38,2463.85,0,0
2017-09-07,21:00:00,2463.83,2465.15,2463.22,2464.73,0,0
2017-09-07,22:00:00,2464.88,2465.55,2461.95,2465.1,0,0
2017-09-08,16:00:00,2461.75,2463.17,2459.47,2463.17,0,0
2017-09-08,17:00:00,2463.37,2464.74,2461.84,2464.6,0,0
2017-09-08,18:00:00,2464.59,2467.1,2463.84,2464.27,0,0
2017-09-08,19:00:00,2464.26,2465.34,2462.28,2464.86,0,0
2017-09-08,20:00:00,2464.85,2464.87,2462.59,2463.6,0,0
2017-09-08,21:00:00,2463.61,2465.48,2462.61,2463.78,0,0
2017-09-08,22:00:00,2463.75,2464.2,2460,2461.43,0,0
2017-09-11,16:00:00,2475.33,2482.28,2475.33,2481.23,0,0
2017-09-11,17:00:00,2481.33,2483.8,2481.02,2481.57,0,0
2017-09-11,18:00:00,2481.55,2485.41,2481.22,2484.88,0,0
2017-09-11,19:00:00,2484.93,2488.92,2484.08,2487.26,0,0
2017-09-11,20:00:00,2487.24,2488.4,2487.16,2487.57,0,0
2017-09-11,21:00:00,2487.78,2488.23,2486.58,2486.58,0,0
2017-09-11,22:00:00,2486.53,2488.11,2486.09,2488.11,0,0
2017-09-12,16:00:00,2491.94,2495.57,2491.94,2493.7,0,0
2017-09-12,17:00:00,2494.21,2494.49,2490.37,2491.8,0,0
2017-09-12,18:00:00,2491.75,2493.64,2491.24,2493.35,0,0
2017-09-12,19:00:00,2493.36,2495.31,2492.84,2495.08,0,0
2017-09-12,20:00:00,2495.04,2496.35,2494,2494.07,0,0
2017-09-12,21:00:00,2494.21,2494.79,2492.45,2493.58,0,0
2017-09-12,22:00:00,2493.6,2496.76,2492.13,2496.48,0,0
2017-09-13,16:00:00,2493.94,2495.74,2492.16,2495.55,0,0
2017-09-13,17:00:00,2495.64,2496.79,2494.62,2495.78,0,0
2017-09-13,18:00:00,2495.64,2497.02,2493.49,2494.67,0,0
2017-09-13,19:00:00,2494.7,2497.22,2494.62,2496.24,0,0
2017-09-13,20:00:00,2496.28,2496.66,2494.93,2495.94,0,0
2017-09-13,21:00:00,2495.36,2496.96,2495.25,2496.42,0,0
2017-09-13,22:00:00,2496.35,2498.37,2495.5,2498.37,0,0
2017-09-14,16:00:00,2493.54,2494.59,2491.43,2494.54,0,0
2017-09-14,17:00:00,2494.76,2496.71,2493.58,2496.16,0,0
2017-09-14,18:00:00,2496.12,2498.3,2495.76,2496.46,0,0
2017-09-14,19:00:00,2496.75,2497.51,2495.02,2496.92,0,0
2017-09-14,20:00:00,2497.04,2497.04,2495.29,2495.35,0,0
2017-09-14,21:00:00,2495.41,2497.15,2495.03,2496.24,0,0
2017-09-14,22:00:00,2496.22,2496.55,2494.68,2495.62,0,0
2017-09-15,16:00:00,2495.27,2496.21,2494.07,2494.07,0,0
2017-09-15,17:00:00,2493.91,2499.24,2493.21,2497.99,0,0
2017-09-15,18:00:00,2498.02,2498.28,2496.8,2498.2,0,0
2017-09-15,19:00:00,2498.19,2498.56,2496.97,2497.04,0,0
2017-09-15,20:00:00,2497.01,2497.76,2496.21,2496.73,0,0
2017-09-15,21:00:00,2496.77,2497.97,2496.47,2497.71,0,0
2017-09-15,22:00:00,2497.79,2500.23,2497.48,2500.23,0,0
2017-09-18,16:00:00,2502.91,2508.2,2501.89,2506.82,0,0
2017-09-18,17:00:00,2506.83,2507.71,2505.46,2505.96,0,0
2017-09-18,18:00:00,2505.92,2507.6,2505.92,2506.15,0,0
2017-09-18,19:00:00,2506.26,2506.75,2504.47,2505.64,0,0
2017-09-18,20:00:00,2505.67,2506.62,2504.66,2505.57,0,0
2017-09-18,21:00:00,2505.56,2505.56,2499.92,2501.91,0,0
2017-09-18,22:00:00,2502.01,2504.91,2502,2503.87,0,0
2017-09-19,16:00:00,2506.35,2507.17,2503.61,2504.28,0,0
2017-09-19,17:00:00,2503.8,2506.66,2503.8,2505.6,0,0
2017-09-19,18:00:00,2505.61,2506.73,2503.19,2506.23,0,0
2017-09-19,19:00:00,2506.21,2507.82,2506.21,2507,0,0
2017-09-19,20:00:00,2506.99,2507.47,2505.96,2507.32,0,0
2017-09-19,21:00:00,2507.3,2507.7,2506.1,2506.44,0,0
2017-09-19,22:00:00,2506.5,2507.81,2506.03,2506.65,0,0
2017-09-20,16:00:00,2506.81,2508.85,2506.57,2507.33,0,0
2017-09-20,17:00:00,2507.25,2507.46,2504.53,2504.97,0,0
2017-09-20,18:00:00,2505.25,2507.89,2504.3,2507.43,0,0
2017-09-20,19:00:00,2507.42,2508.81,2507.03,2508.03,0,0
2017-09-20,20:00:00,2508.02,2508.14,2505.05,2505.52,0,0
2017-09-20,21:00:00,2505.6,2506.11,2496.68,2503.48,0,0
2017-09-20,22:00:00,2503.51,2508.59,2501.84,2508.24,0,0
